no,title,link,thumbnail,sizeheight,sizewidth
1,ì˜ˆì¼ì–´ë¦°ì´ì§‘,https://ldb-phinf.pstatic.net/20150901_266/14410438012686Ls1l_JPEG/SUBMIT_1327493922633_12963887.jpg,https://search.pstatic.net/common/?type=b150&src=https://ldb-phinf.pstatic.net/20150901_266/14410438012686Ls1l_JPEG/SUBMIT_1327493922633_12963887.jpg,332,500
2,[ì–´ë¦°ì´ ì•ˆì „êµìœ¡-ì‹¤ìŠµ] ì‹¬íì†Œìƒìˆ ğŸš¨ğŸ†˜ - í† ë‹¹ ì´ì•¼ê¸° - í† ë¼ì™€ ë‹¹ê·¼ ì–´ë¦°ì´ì§‘ í† ë¼ì™€ ë‹¹ê·¼ ì–´ë¦°ì´ì§‘,https://t1.daumcdn.net/cafeattach/1QYYs/183ecb3fd9aa59c7831ca5cc13da02e5c64414a0_re_1663326893166,https://search.pstatic.net/sunny/?type=b150&src=https://t1.daumcdn.net/cafeattach/1QYYs/183ecb3fd9aa59c7831ca5cc13da02e5c64414a0_re_1663326893166,480,640
3,ì–´ë¦°ì´ì§‘ ì‹¤ë‚´ê³µê¸° ì „ìˆ˜ì¡°ì‚¬ ê²°ê³¼ 91.4% ê°œì„ ,http://imgnews.naver.net/image/5380/2019/01/04/0000370646_001_20190104124626432.jpg,https://search.pstatic.net/common/?type=b150&src=http://imgnews.naver.net/image/5380/2019/01/04/0000370646_001_20190104124626432.jpg,364,600
4,ì—˜ë¦°ì–´ë¦°ì´ì§‘,https://ldb-phinf.pstatic.net/20240810_70/1723298653429OxGc1_JPEG/IMG_9149.jpeg,https://search.pstatic.net/common/?type=b150&src=https://ldb-phinf.pstatic.net/20240810_70/1723298653429OxGc1_JPEG/IMG_9149.jpeg,805,1170
5,ë°±í•©ì–´ë¦°ì´ì§‘,https://ldb-phinf.pstatic.net/20210905_143/1630842364793YB3GJ_JPEG/K1jqS_Vo_bvg8IeZ2f7O5o9-.jpg,https://search.pstatic.net/common/?type=b150&src=https://ldb-phinf.pstatic.net/20210905_143/1630842364793YB3GJ_JPEG/K1jqS_Vo_bvg8IeZ2f7O5o9-.jpg,960,1280
6,ë¬´ë™ì• í”Œí‚¤ì¦ˆì–´ë¦°ì´ì§‘,https://ldb-phinf.pstatic.net/20240624_39/1719237931931063Xp_JPEG/1000055452.jpg,https://search.pstatic.net/common/?type=b150&src=https://ldb-phinf.pstatic.net/20240624_39/1719237931931063Xp_JPEG/1000055452.jpg,685,990
7,4ì›” 8ì¼ì€ â€˜ì—´ë¦° ì–´ë¦°ì´ì§‘â€™ì˜ ë‚ ,http://imgnews.naver.net/image/310/2015/04/07/82310_20111116182128SLB_99_20150407134503.jpg,https://search.pstatic.net/common/?type=b150&src=http://imgnews.naver.net/image/310/2015/04/07/82310_20111116182128SLB_99_20150407134503.jpg,550,506
8,12ì›”ë¶€í„° ì–´ë¦°ì´ì§‘ë„ ë„ì‹œê°€ìŠ¤ ìš”ê¸ˆí• ì¸,http://imgnews.naver.net/image/5178/2023/11/08/0000050362_001_20231109064602581.jpg,https://search.pstatic.net/common/?type=b150&src=http://imgnews.naver.net/image/5178/2023/11/08/0000050362_001_20231109064602581.jpg,512,683
9,12ì›” 2ì£¼ ê½ƒìë°˜ ì´ì•¼ê¸°ğŸŒ¸ - ê½ƒìë°˜ ì´ì•¼ê¸° - ì‹œë¦½ì¥í˜„ë£¨ë²¤ì‹œì•„2ì°¨ ì–´ë¦°ì´ì§‘ 12ì›” 2ì£¼ ê½ƒìë°˜ ì´ì•¼ê¸°ğŸŒ¸,https://t1.daumcdn.net/cafeattach/1Yq6G/37d2dc949fcfa41f22efc28ca306da0c87af116e,https://search.pstatic.net/sunny/?type=b150&src=https://t1.daumcdn.net/cafeattach/1Yq6G/37d2dc949fcfa41f22efc28ca306da0c87af116e,3024,4032
10,"ì˜ì¢…ì†Œë°©ì„œ, ì˜ì¢…í•˜ëŠ˜ì–´ë¦°ì´ì§‘ 119ì²­ì†Œë…„ë‹¨ ëŒ€ìƒ â€˜119í€´ì¦ˆì™•â€™ í–‰ì‚¬",http://imgnews.naver.net/image/5070/2023/12/06/2023120635321042_20231206155201600.jpg,https://search.pstatic.net/common/?type=b150&src=http://imgnews.naver.net/image/5070/2023/12/06/2023120635321042_20231206155201600.jpg,450,600
11,í‚¨ë”ë‚˜ë¼ì–´ë¦°ì´ì§‘,https://ldb-phinf.pstatic.net/20230831_276/1693456736689R5Xvd_PNG/4.png,https://search.pstatic.net/common/?type=b150&src=https://ldb-phinf.pstatic.net/20230831_276/1693456736689R5Xvd_PNG/4.png,1125,1500
12,"4ê°œ ì–´ë¦°ì´ì§‘ì´ í•˜ë‚˜ë¡œâ€¦ì˜ë“±í¬êµ¬, ê³µìœ ì–´ë¦°ì´ì§‘ ì‹œë²” ìš´ì˜",http://imgnews.naver.net/image/016/2021/08/20/20210820000137_0_20210820094503869.jpg,https://search.pstatic.net/common/?type=b150&src=http://imgnews.naver.net/image/016/2021/08/20/20210820000137_0_20210820094503869.jpg,472,640
13,ë‚¨ìš¸ì‚°ì–´ë¦°ì´ì§‘,https://ldb-phinf.pstatic.net/20230927_131/16957942957636HQpc_JPEG/1.jpg,https://search.pstatic.net/common/?type=b150&src=https://ldb-phinf.pstatic.net/20230927_131/16957942957636HQpc_JPEG/1.jpg,1081,1440
14,ì•„ì´ê¿ˆí„°ì–´ë¦°ì´ì§‘,https://ldb-phinf.pstatic.net/20220620_89/1655692311740uSFgk_JPEG/KakaoTalk_20220616_175221325_02.jpg,https://search.pstatic.net/common/?type=b150&src=https://ldb-phinf.pstatic.net/20220620_89/1655692311740uSFgk_JPEG/KakaoTalk_20220616_175221325_02.jpg,1080,1440
15,êµì‚¬ ëŒ€ ì•„ë™ë¹„ìœ¨ ê°œì„  'ì„œìš¸í˜• ê³µìœ ì–´ë¦°ì´ì§‘' 400ê°œë¡œ ëŠ˜ë¦°ë‹¤!... | ì„œìš¸ì‹œ - ë‚´ ì†ì•ˆì— ì„œìš¸ êµì‚¬ ëŒ€ ì•„ë™ë¹„ìœ¨ ê°œì„  'ì„œìš¸í˜• ê³µìœ ì–´ë¦°ì´ì§‘... ,https://mediahub.seoul.go.kr/uploads/mediahub/2021/12/pphTcatVeCkpUMHeFnQROMtsStzEwuQr.png,https://search.pstatic.net/sunny/?type=b150&src=https://mediahub.seoul.go.kr/uploads/mediahub/2021/12/pphTcatVeCkpUMHeFnQROMtsStzEwuQr.png,475,760
16,ë³´ìœ¡êµì‚¬ì™€ ë¶€ëª¨ë“¤ì´ íƒë‚´ëŠ” ì´ ì–´ë¦°ì´ì§‘ì€?,http://imgnews.naver.net/image/047/2017/07/20/0002156744_005_20170720132902340.jpg,https://search.pstatic.net/common/?type=b150&src=http://imgnews.naver.net/image/047/2017/07/20/0002156744_005_20170720132902340.jpg,400,600
17,"ë¶€ì˜ê·¸ë£¹, ì „êµ­ 65ê°œì› 'ë¶€ì˜ ì‚¬ë‘ìœ¼ë¡œ ì–´ë¦°ì´ì§‘' ë¹„ëŒ€ë©´ êµì‚¬êµìœ¡ ì‹¤ì‹œ",http://imgnews.naver.net/image/5338/2022/10/28/0000093740_001_20221028113601941.jpg,https://search.pstatic.net/common/?type=b150&src=http://imgnews.naver.net/image/5338/2022/10/28/0000093740_001_20221028113601941.jpg,525,700
18,"ë‹¤ìŒì¹´ì¹´ì˜¤, ì‚¬ë‚´ ë³´ìœ¡ì‹œì„¤ 'ëŠ˜ì˜ˆì†” ì–´ë¦°ì´ì§‘' ê°œì›",http://imgnews.naver.net/image/5385/2015/09/02/185686_99609_2756_99_20150902110726.png,https://search.pstatic.net/common/?type=b150&src=http://imgnews.naver.net/image/5385/2015/09/02/185686_99609_2756_99_20150902110726.png,338,540
19,í•´ë§‘ì€ì–´ë¦°ì´ì§‘,https://ldb-phinf.pstatic.net/20230824_193/1692853677070NdyxM_JPEG/3.%BA%B8%C0%B0%BD%C7%28%B3%AA%B7%A1%B9%DD-%B8%B84%BC%BC%29.JPG,https://search.pstatic.net/common/?type=b150&src=https://ldb-phinf.pstatic.net/20230824_193/1692853677070NdyxM_JPEG/3.%BA%B8%C0%B0%BD%C7%28%B3%AA%B7%A1%B9%DD-%B8%B84%BC%BC%29.JPG,3024,4032
20,ì—´ë¦°ì–´ë¦°ì´ì§‘,https://ldb-phinf.pstatic.net/20231006_276/1696579956593XC7d9_JPEG/KakaoTalk_20231006_170808337.jpg,https://search.pstatic.net/common/?type=b150&src=https://ldb-phinf.pstatic.net/20231006_276/1696579956593XC7d9_JPEG/KakaoTalk_20231006_170808337.jpg,1080,1440
21,ì„œìš¸ êµ­ê³µë¦½ ì–´ë¦°ì´ì§‘ ì´ìš©ë¥  50% ëŒíŒŒâ€¦ì „êµ­ ìµœì´ˆ,http://imgnews.naver.net/image/629/2023/04/25/202339791682384689_20230425111608700.png,https://search.pstatic.net/common/?type=b150&src=http://imgnews.naver.net/image/629/2023/04/25/202339791682384689_20230425111608700.png,448,640
22,"[ê²Œì‹œíŒ] ë„·ë§ˆë¸”, ì‚¬ë‚´ ë³´ìœ¡ì‹œì„¤ 'í‘¸ë¥´ë‹ˆ ì–´ë¦°ì´ì§‘' ê°œì›",http://imgnews.naver.net/image/001/2024/03/04/AKR20240304068900017_02_i_P4_20240304112406390.jpg,https://search.pstatic.net/common/?type=b150&src=http://imgnews.naver.net/image/001/2024/03/04/AKR20240304068900017_02_i_P4_20240304112406390.jpg,800,1200
23,"ë¶€ì˜ê·¸ë£¹, 'ë¶€ì˜ ì‚¬ë‘ìœ¼ë¡œ ì–´ë¦°ì´ì§‘'ì— ì–´ë¦°ì´ë‚  ì„ ë¬¼",http://imgnews.naver.net/image/5665/2020/05/07/0000019334_001_20200507150715952.JPG,https://search.pstatic.net/common/?type=b150&src=http://imgnews.naver.net/image/5665/2020/05/07/0000019334_001_20200507150715952.JPG,720,960
24,ì „ë¶ê²½ì°°ì²­ì–´ë¦°ì´ì§‘,https://ldb-phinf.pstatic.net/20230822_187/1692683911441rbKed_JPEG/2021_%B5%B5%B4%E3%B6%E3.jpg,https://search.pstatic.net/common/?type=b150&src=https://ldb-phinf.pstatic.net/20230822_187/1692683911441rbKed_JPEG/2021_%B5%B5%B4%E3%B6%E3.jpg,3024,4032
25,[í¬í† ë‰´ìŠ¤]ì›ì£¼ ì†”íŒŒí¬ ì–´ë¦°ì´ì§‘ ë””ë”¤ì”¨ì•—í†µì¥ í›„ì›ê¸ˆ ì „ë‹¬,http://imgnews.naver.net/image/087/2024/09/24/0001068969_001_20240924103109628.jpg,https://search.pstatic.net/common/?type=b150&src=http://imgnews.naver.net/image/087/2024/09/24/0001068969_001_20240924103109628.jpg,360,640
26,"ì–´ë¦°ì´ì§‘ ì²« ë¶€ëª¨ìƒë‹´, ì•„ëŠ” ë§Œí¼ ë³´ì—¬ìš”",http://imgnews.naver.net/image/5295/2018/04/20/0000036024_001_20180420130619221.png,https://search.pstatic.net/common/?type=b150&src=http://imgnews.naver.net/image/5295/2018/04/20/0000036024_001_20180420130619221.png,600,600
27,ì—­ê³¡í•˜ë‚˜ì–´ë¦°ì´ì§‘,https://ldb-phinf.pstatic.net/20220128_261/1643361309732iv9pX_JPEG/KakaoTalk_20220119_181042773_07.jpg,https://search.pstatic.net/common/?type=b150&src=https://ldb-phinf.pstatic.net/20220128_261/1643361309732iv9pX_JPEG/KakaoTalk_20220119_181042773_07.jpg,1080,1440
28,âˆ´âˆµì˜ì£¼ì–´ë¦°ì´ì§‘ì— ì˜¤ì‹  ê²ƒì„ í™˜ì˜í•´ìš”!âˆ´âˆµ,http://chacon7.cafe24.com/yeongju/n/120207178.jpg,https://search.pstatic.net/sunny/?type=b150&src=http://chacon7.cafe24.com/yeongju/n/120207178.jpg,487,720
29,ì–´ë¦°ì´ì§‘ ì˜¤ë‹ˆ 'ì¢‹ì•„ìš”',http://imgnews.naver.net/image/001/2020/08/03/PYH2020080305810005400_P4_20200803104708184.jpg,https://search.pstatic.net/common/?type=b150&src=http://imgnews.naver.net/image/001/2020/08/03/PYH2020080305810005400_P4_20200803104708184.jpg,476,1024
30,"ì „ì£¼ ì•ˆë””ì˜¥ ì–´ë¦°ì´ì§‘, í˜¸ì„±ë™ ì–´ë ¤ìš´ ì´ì›ƒì— ì„ ë¬¼ê¾¸ëŸ¬ë¯¸",http://imgnews.naver.net/image/5335/2022/09/20/20220920580160_20220920162803736.jpg,https://search.pstatic.net/common/?type=b150&src=http://imgnews.naver.net/image/5335/2022/09/20/20220920580160_20220920162803736.jpg,480,640
31,"ì›ì£¼ê²½ì°°ì„œì–´ë¦°ì´ì§‘, ì‚¬ë‘ì˜ í›„ì›ê¸ˆ ì „ë‹¬",http://imgnews.naver.net/image/468/2023/08/21/0000972439_001_20230821080901873.png,https://search.pstatic.net/common/?type=b150&src=http://imgnews.naver.net/image/468/2023/08/21/0000972439_001_20230821080901873.png,525,700
32,"ëŒ€ì „ì‹œë¦½ ìœ¼ëŠ¥ì •ì´ì–´ë¦°ì´ì§‘, ì¶”ì„ìŒì‹ ë§Œë“¤ê¸°Â·ì „í†µë†€ì´ ì²´í—˜",http://imgnews.naver.net/image/5285/2016/09/12/46249_65576_269_99_20160912102705.jpg,https://search.pstatic.net/common/?type=b150&src=http://imgnews.naver.net/image/5285/2016/09/12/46249_65576_269_99_20160912102705.jpg,309,550
33,"êµ°ì‚° í† ë§ˆí† ì–´ë¦°ì´ì§‘, ì‚¬ë‘ì˜ ì €ê¸ˆí†µ ê¸°íƒ 'í›ˆí›ˆ'",http://imgnews.naver.net/image/5380/2021/02/19/0000617718_001_20210219151437174.jpg,https://search.pstatic.net/common/?type=b150&src=http://imgnews.naver.net/image/5380/2021/02/19/0000617718_001_20210219151437174.jpg,510,680
34,ë„ë‹´ë¹›ì–´ë¦°ì´ì§‘,https://ldb-phinf.pstatic.net/20250421_156/1745191775738FKqnP_JPEG/1000021947.jpg,https://search.pstatic.net/common/?type=b150&src=https://ldb-phinf.pstatic.net/20250421_156/1745191775738FKqnP_JPEG/1000021947.jpg,1050,1400
35,ì‚¬ë‘ì–´ë¦°ì´ì§‘,https://ldb-phinf.pstatic.net/20250327_281/1743036938290sWIOn_JPEG/%C7%AE%C0%D9%B9%DD.jpg,https://search.pstatic.net/common/?type=b150&src=https://ldb-phinf.pstatic.net/20250327_281/1743036938290sWIOn_JPEG/%C7%AE%C0%D9%B9%DD.jpg,438,303
36,"(5/10) ìœ ì•„ì²´ìœ¡í™œë™~â™¡^^ - 2022 ì—´ë§¤ë°˜(3,4,5ì„¸) - êµ­ê³µë¦½ í™”ìˆœ ì²œì¬ì–´ë¦°ì´ì§‘ (5/10) ìœ ì•„ì²´ìœ¡í™œë™~â™¡^^",https://t1.daumcdn.net/cafeattach/1MCqU/68c5f65c34d6d6969c91445e0c5c8aa573629a7f,https://search.pstatic.net/sunny/?type=b150&src=https://t1.daumcdn.net/cafeattach/1MCqU/68c5f65c34d6d6969c91445e0c5c8aa573629a7f,540,720
37,"<íì› ì–´ë¦°ì´ì§‘ ë¶€ëª¨ë“¤ ""ì•„ì´ë“¤ ë§¡ê¸¸ ê³³ ì—†ì–´ìš”""> | ì—°í•©ë‰´ìŠ¤",https://img6.yna.co.kr/photo/yna/YH/2010/03/02/PYH2010030200980006200_P4.jpg,https://search.pstatic.net/sunny/?type=b150&src=https://img6.yna.co.kr/photo/yna/YH/2010/03/02/PYH2010030200980006200_P4.jpg,682,1024
38,ë™ì‹¬ì–´ë¦°ì´ì§‘,https://ldb-phinf.pstatic.net/20240605_31/1717562840132w780Y_JPEG/9.jpg,https://search.pstatic.net/common/?type=b150&src=https://ldb-phinf.pstatic.net/20240605_31/1717562840132w780Y_JPEG/9.jpg,1040,1387
39,[ì˜ì™•ì†Œì‹] ì–´ë¦°ì´ì§‘ ì•„ë™Â·í•™ë¶€ëª¨ 'í•œë§ˆìŒ ê°€ì¡±ìš´ë™íšŒ' ê°œìµœ ë“±,http://imgnews.naver.net/image/417/2024/09/27/0001029825_001_20240927183213080.jpg,https://search.pstatic.net/common/?type=b150&src=http://imgnews.naver.net/image/417/2024/09/27/0001029825_001_20240927183213080.jpg,649,985
40,êµ¬ë¦½ì²œí˜¸3ë™ì–´ë¦°ì´ì§‘,https://ldb-phinf.pstatic.net/20250219_235/1739939927197UcgtA_JPEG/KakaoTalk_20250219_132520924_03.jpg,https://search.pstatic.net/common/?type=b150&src=https://ldb-phinf.pstatic.net/20250219_235/1739939927197UcgtA_JPEG/KakaoTalk_20250219_132520924_03.jpg,667,1000
41,"ì„œìš¸ì‹œ  ì‹œê°„ì œ ì–´ë¦°ì´ì§‘ ìš´ì˜â€¦""ì‹œê°„ë‹¹ 2ì²œ ì›""",http://imgnews.naver.net/image/5698/2024/06/13/0000169602_001_20240613081015598.png,https://search.pstatic.net/common/?type=b150&src=http://imgnews.naver.net/image/5698/2024/06/13/0000169602_001_20240613081015598.png,386,583
42,"ê²½ê³¼ì›, íŒêµí…Œí¬ë…¸ë°¸ë¦¬ ì§ì¥ì–´ë¦°ì´ì§‘ í˜‘ì•½ê¸°ì—… ëª¨ì§‘",http://imgnews.naver.net/image/5372/2024/12/17/0000156441_001_20241217102010152.jpg,https://search.pstatic.net/common/?type=b150&src=http://imgnews.naver.net/image/5372/2024/12/17/0000156441_001_20241217102010152.jpg,810,1080
43,ì˜ì •ë¶€ì‹œ â€˜0ì„¸ì•„ì „ìš© ì–´ë¦°ì´ì§‘â€™ ë§Œì¡±ë„ ê³ ê³µë¹„í–‰,http://imgnews.naver.net/image/014/2020/09/07/0004490244_001_20200907223106669.jpg,https://search.pstatic.net/common/?type=b150&src=http://imgnews.naver.net/image/014/2020/09/07/0004490244_001_20200907223106669.jpg,427,569
44,í†µí†µì–´ë¦°ì´ì§‘,https://ldb-phinf.pstatic.net/20231113_190/16998382697751Dc5Q_JPEG/%C5%EB%C5%EB%BE%EE%B8%B0%C0%CC%C1%FD_%BD%C7%B3%BB%B3%EE%C0%CC%BD%C3%BC%B3.jpg,https://search.pstatic.net/common/?type=b150&src=https://ldb-phinf.pstatic.net/20231113_190/16998382697751Dc5Q_JPEG/%C5%EB%C5%EB%BE%EE%B8%B0%C0%CC%C1%FD_%BD%C7%B3%BB%B3%EE%C0%CC%BD%C3%BC%B3.jpg,1050,1400
45,"ì¼ê³¼ ê°€ì •, ë‘ë§ˆë¦¬ í† ë¼ë¥¼ ì¡ëŠ” ì›Œí‚¹ë§˜ì˜ ì§€ì›êµ° â€˜íƒ•ì •ì‚¼ì„±ì–´ë¦°ì´ì§‘â€™",https://news.samsungdisplay.com/wp-content/uploads/2018/05/KJS_8534-copy.jpg,https://search.pstatic.net/sunny/?type=b150&src=https://news.samsungdisplay.com/wp-content/uploads/2018/05/KJS_8534-copy.jpg,547,820
46,[ëŒ€ì „ì†Œì‹] ëŒ€ì „ 0ì„¸ ì „ìš© 'ë‹¤ë¹›í•˜ë‚˜ì–´ë¦°ì´ì§‘' ê°œì›,http://imgnews.naver.net/image/001/2021/09/15/AKR20210915070300063_01_i_P4_20211010180832508.jpg,https://search.pstatic.net/common/?type=b150&src=http://imgnews.naver.net/image/001/2021/09/15/AKR20210915070300063_01_i_P4_20211010180832508.jpg,768,1024
47,ëˆìœ¼ë¡œ ë°›ê² ë‹¤ë˜ ê²½ê¸° ì–´ë¦°ì´ì§‘ CCTV ì§€ì›ê¸ˆâ€¦'í˜„ê¸ˆ+í˜„ë¬¼ë¡œ ë°˜ë‚©í•˜ë¼' ë²ˆë³µ,http://imgnews.naver.net/image/5281/2016/07/14/1089419_1001770_4251_99_20160714011817.jpg,https://search.pstatic.net/common/?type=b150&src=http://imgnews.naver.net/image/5281/2016/07/14/1089419_1001770_4251_99_20160714011817.jpg,518,600
48,ìƒˆì´ë ˆì–´ë¦°ì´ì§‘,https://ldb-phinf.pstatic.net/20240920_268/1726815254527nVXmH_JPEG/KakaoTalk_20240920_153327363_01.jpg,https://search.pstatic.net/common/?type=b150&src=https://ldb-phinf.pstatic.net/20240920_268/1726815254527nVXmH_JPEG/KakaoTalk_20240920_153327363_01.jpg,1440,1440
49,ì í‹°ì–´ë¦°ì´ì§‘,https://ldb-phinf.pstatic.net/20150831_18/1441027483863K1SmC_JPEG/19997926_10.jpg,https://search.pstatic.net/common/?type=b150&src=https://ldb-phinf.pstatic.net/20150831_18/1441027483863K1SmC_JPEG/19997926_10.jpg,375,500
50,"2024ë…„ ì—´ë§¤ë°˜ êµì‹¤í™˜ê²½ - ì—´ë§¤ë°˜êµì‹¤í™˜ê²½(ë§Œ4,5ì„¸) - êµ¬ë¦½ ìì–‘4ë™ì–´ë¦°ì´ì§‘ 2024ë…„ ì—´ë§¤ë°˜ êµì‹¤í™˜ê²½",https://t1.daumcdn.net/cafeattach/xjvx/4514de6232216ebbee03dd8340812b30b4b412ee,https://search.pstatic.net/sunny/?type=b150&src=https://t1.daumcdn.net/cafeattach/xjvx/4514de6232216ebbee03dd8340812b30b4b412ee,577,1024
51,"í˜¸ë‚¨ëŒ€í•™êµ ì»¤ë®¤ë‹ˆí‹° HNU News ëŒ€í•™ë‰´ìŠ¤ ê´‘ì‚°êµ¬ê¸‰ì‹ê´€ë¦¬ì§€ì›ì„¼í„°, ì‚¼ì„±ì–´ë¦°ì´ì§‘ â€˜ì•„ì´ì…°í”„ í´ë˜ìŠ¤â€™ êµìœ¡",https://www.honam.ac.kr/attach/board/79/content/20240704090410nqUh1LAIOVPjH8fy26rR.jpg,https://search.pstatic.net/sunny/?type=b150&src=https://www.honam.ac.kr/attach/board/79/content/20240704090410nqUh1LAIOVPjH8fy26rR.jpg,608,940
52,êµ¬ë¦½ëŠ˜í’ˆ ì–´ë¦°ì´ì§‘ ìƒì„¸ë³´ê¸° | ë©”ë‰´ëª… > ë©”ë‰´ëª… ì—°ìˆ˜êµ¬êµ­ì œì–¸ì–´ì²´í—˜ì„¼í„°,https://www.yeonsu.go.kr/upfiles/board_271/origin_img/KakaoTalk_20190905_125738605.jpg,https://search.pstatic.net/sunny/?type=b150&src=https://www.yeonsu.go.kr/upfiles/board_271/origin_img/KakaoTalk_20190905_125738605.jpg,540,960
53,ì‚¬ë‘ë³„ì–´ë¦°ì´ì§‘,https://ldb-phinf.pstatic.net/20180709_153/1531102688870q1yfo_JPEG/oqKJPtAWFxM1Ef22Mg_aIu-X.jpg,https://search.pstatic.net/common/?type=b150&src=https://ldb-phinf.pstatic.net/20180709_153/1531102688870q1yfo_JPEG/oqKJPtAWFxM1Ef22Mg_aIu-X.jpg,960,720
54,ì‹ ë™ì•„ì–´ë¦°ì´ì§‘,https://ldb-phinf.pstatic.net/20220820_277/1661007530049894Ne_JPEG/20220727_144044.jpg,https://search.pstatic.net/common/?type=b150&src=https://ldb-phinf.pstatic.net/20220820_277/1661007530049894Ne_JPEG/20220727_144044.jpg,1848,4000
55,ê°€ë½ì•„ì´ë“¤ì–´ë¦°ì´ì§‘,https://ldb-phinf.pstatic.net/20200622_257/1592815355147oBAs9_JPEG/zM1s7EN2Gn6Oxw_SCpx1Iwqy.jpg,https://search.pstatic.net/common/?type=b150&src=https://ldb-phinf.pstatic.net/20200622_257/1592815355147oBAs9_JPEG/zM1s7EN2Gn6Oxw_SCpx1Iwqy.jpg,2160,2880
56,í•´ì°¬ìˆ²í‚¤ì¦ˆì–´ë¦°ì´ì§‘,https://ldb-phinf.pstatic.net/20200920_227/1600607214875cs2e8_JPEG/GrAC605z3XhpBSZCAsxyFOKm.jpg,https://search.pstatic.net/common/?type=b150&src=https://ldb-phinf.pstatic.net/20200920_227/1600607214875cs2e8_JPEG/GrAC605z3XhpBSZCAsxyFOKm.jpg,821,939
57,ì˜¥ê¸¸ì–´ë¦°ì´ì§‘,https://ldb-phinf.pstatic.net/20230921_43/1695272862494cvxc0_JPEG/KakaoTalk_20230921_140037719.jpg,https://search.pstatic.net/common/?type=b150&src=https://ldb-phinf.pstatic.net/20230921_43/1695272862494cvxc0_JPEG/KakaoTalk_20230921_140037719.jpg,1058,1411
58,ìƒê³„2ë™ì–´ë¦°ì´ì§‘,https://ldb-phinf.pstatic.net/20240524_110/1716529525195g1GcC_JPEG/4%BC%BC_%C1%F6%B1%B8%B9%DD.jpg,https://search.pstatic.net/common/?type=b150&src=https://ldb-phinf.pstatic.net/20240524_110/1716529525195g1GcC_JPEG/4%BC%BC_%C1%F6%B1%B8%B9%DD.jpg,3024,4032
59,ë§Œìˆ˜ê¿ˆë‚˜ë¬´ì–´ë¦°ì´ì§‘,https://ldb-phinf.pstatic.net/20200831_121/1598856709151JNa1B_JPEG/PT1qr9xIACWxj1GXYGdW1qja.jpg,https://search.pstatic.net/common/?type=b150&src=https://ldb-phinf.pstatic.net/20200831_121/1598856709151JNa1B_JPEG/PT1qr9xIACWxj1GXYGdW1qja.jpg,960,1280
60,2ëª… ì¤‘ 1ëª…ì€ êµ­ê³µë¦½ì–´ë¦°ì´ì§‘! í•¨ê»˜ í‚¤ìš°ê³  ì•¼ê°„ ëŒë´„ê¹Œì§€ | ì„œìš¸ì‹œ - ë‚´ ì†ì•ˆì— ì„œìš¸ 2ëª… ì¤‘ 1ëª…ì€ êµ­ê³µë¦½ì–´ë¦°ì´ì§‘! í•¨ê»˜ í‚¤ìš°ê³  ì•¼ê°„ ëŒë´„ê¹Œì§€,https://mediahub.seoul.go.kr/uploads/mediahub/2022/04/LrZDbLIjngFXaylkpZUeKwNUWtVCoDbF.png,https://search.pstatic.net/sunny/?type=b150&src=https://mediahub.seoul.go.kr/uploads/mediahub/2022/04/LrZDbLIjngFXaylkpZUeKwNUWtVCoDbF.png,571,760
61,í‰ì´Œë”ìƒµì•„ì´íŒŒí¬ì–´ë¦°ì´ì§‘,https://ldb-phinf.pstatic.net/20230906_34/1693999062096dceoE_JPEG/%B4%D9%C1%A4%C7%D8%B9%DD%B1%B3%BD%C7%BB%E7%C1%F8.jpg,https://search.pstatic.net/common/?type=b150&src=https://ldb-phinf.pstatic.net/20230906_34/1693999062096dceoE_JPEG/%B4%D9%C1%A4%C7%D8%B9%DD%B1%B3%BD%C7%BB%E7%C1%F8.jpg,3024,4032
62,ë¦¬í‹€í‚¹ì–´ë¦°ì´ì§‘,https://ldb-phinf.pstatic.net/20241230_63/1735547524640Ir3Qp_JPEG/%BD%C5%B3%AA%B4%C223.jpg,https://search.pstatic.net/common/?type=b150&src=https://ldb-phinf.pstatic.net/20241230_63/1735547524640Ir3Qp_JPEG/%BD%C5%B3%AA%B4%C223.jpg,3024,4032
63,ë™ì¼í”„ë¡œì´ë°ì–´ë¦°ì´ì§‘,https://ldb-phinf.pstatic.net/20230308_166/1678266430703gs4h5_JPEG/19_%B1%B3%BD%C72.jpg,https://search.pstatic.net/common/?type=b150&src=https://ldb-phinf.pstatic.net/20230308_166/1678266430703gs4h5_JPEG/19_%B1%B3%BD%C72.jpg,562,1000
64,ì˜¥í˜„í† í† ë¹Œì–´ë¦°ì´ì§‘,https://ldb-phinf.pstatic.net/20250409_92/1744187428821dRldy_JPEG/IMG_8722.jpeg,https://search.pstatic.net/common/?type=b150&src=https://ldb-phinf.pstatic.net/20250409_92/1744187428821dRldy_JPEG/IMG_8722.jpeg,1081,1440
65,í•´ë‹´ì–´ë¦°ì´ì§‘,https://ldb-phinf.pstatic.net/20230822_267/1692689036758hhGru_JPEG/Screenshot_20230822_155535_NAVER.jpg,https://search.pstatic.net/common/?type=b150&src=https://ldb-phinf.pstatic.net/20230822_267/1692689036758hhGru_JPEG/Screenshot_20230822_155535_NAVER.jpg,809,1079
66,ê³°ë¹„ì€ë¹„ì–´ë¦°ì´ì§‘,https://ldb-phinf.pstatic.net/20250112_175/1736685518672Pitw6_JPEG/KakaoTalk_20250103_185959036.jpg,https://search.pstatic.net/common/?type=b150&src=https://ldb-phinf.pstatic.net/20250112_175/1736685518672Pitw6_JPEG/KakaoTalk_20250103_185959036.jpg,1350,875
67,ê¿ˆì„í‚¤ìš°ëŠ”ì–´ë¦°ì´ì§‘,https://ldb-phinf.pstatic.net/20170818_260/1503042029448yLtTo_JPEG/aq9IxYYssbvVSaeTLUbG8IqS.jpg,https://search.pstatic.net/common/?type=b150&src=https://ldb-phinf.pstatic.net/20170818_260/1503042029448yLtTo_JPEG/aq9IxYYssbvVSaeTLUbG8IqS.jpg,1080,1440
68,ìƒ›ë³„ì–´ë¦°ì´ì§‘,https://ldb-phinf.pstatic.net/20220118_182/1642434696339uzejs_JPEG/1642434468706-17.jpg,https://search.pstatic.net/common/?type=b150&src=https://ldb-phinf.pstatic.net/20220118_182/1642434696339uzejs_JPEG/1642434468706-17.jpg,2340,4160
69,ì˜ë½ì–´ë¦°ì´ì§‘,https://ldb-phinf.pstatic.net/20231102_256/1698912962640ybqWe_JPEG/KakaoTalk_20231102_171004366_03.jpg,https://search.pstatic.net/common/?type=b150&src=https://ldb-phinf.pstatic.net/20231102_256/1698912962640ybqWe_JPEG/KakaoTalk_20231102_171004366_03.jpg,3024,4032
70,ì§€ì˜ˆìŠ¬ì–´ë¦°ì´ì§‘,https://ldb-phinf.pstatic.net/20190903_32/1567492432193ucvFi_JPEG/D_ZpWjPocG1GYy5a7xl3b4_i.JPG.jpg,https://search.pstatic.net/common/?type=b150&src=https://ldb-phinf.pstatic.net/20190903_32/1567492432193ucvFi_JPEG/D_ZpWjPocG1GYy5a7xl3b4_i.JPG.jpg,453,680
71,ë¬´ê¶í™”ì–´ë¦°ì´ì§‘,https://ldb-phinf.pstatic.net/20230914_148/1694656228800PP3dw_JPEG/KakaoTalk_20230914_104845765_01.jpg,https://search.pstatic.net/common/?type=b150&src=https://ldb-phinf.pstatic.net/20230914_148/1694656228800PP3dw_JPEG/KakaoTalk_20230914_104845765_01.jpg,721,961
72,ì–´ë¦°ì™•ìì–´ë¦°ì´ì§‘,https://ldb-phinf.pstatic.net/20231219_253/1702971800683mfrL0_JPEG/%C3%CA%B7%CF.jpg,https://search.pstatic.net/common/?type=b150&src=https://ldb-phinf.pstatic.net/20231219_253/1702971800683mfrL0_JPEG/%C3%CA%B7%CF.jpg,1152,1536
73,ì´ˆë™ì–´ë¦°ì´ì§‘,https://ldb-phinf.pstatic.net/20240812_289/1723445328566gK18H_JPEG/KakaoTalk_20240725_183220452_01.jpg,https://search.pstatic.net/common/?type=b150&src=https://ldb-phinf.pstatic.net/20240812_289/1723445328566gK18H_JPEG/KakaoTalk_20240725_183220452_01.jpg,1050,1400
74,í–‡ë‹˜ì–´ë¦°ì´ì§‘,https://ldb-phinf.pstatic.net/20210128_151/1611809581132L6KGG_JPEG/7j1yb0oYQw7k7XhsdB4bCPyc.jpeg.jpg,https://search.pstatic.net/common/?type=b150&src=https://ldb-phinf.pstatic.net/20210128_151/1611809581132L6KGG_JPEG/7j1yb0oYQw7k7XhsdB4bCPyc.jpeg.jpg,3024,4032
75,ì€í–‰ë‚˜ë¬´ì–´ë¦°ì´ì§‘,https://ldb-phinf.pstatic.net/20250205_135/1738734087879X95rx_JPEG/KakaoTalk_20241105_114417355_03.jpg,https://search.pstatic.net/common/?type=b150&src=https://ldb-phinf.pstatic.net/20250205_135/1738734087879X95rx_JPEG/KakaoTalk_20241105_114417355_03.jpg,797,1440
76,"ì „ì²´ê¸°ì‚¬ë³´ê¸° : ë¶€ì‚°ì‹œë³´ ì–´ë¦°ì´ì§‘ ë¹„ìš© ë¶€ë‹´, ë¶€ì‚°ì‹œê°€ ëœì–´ë“œë ¤ìš”",https://www.busan.go.kr/ImagePrint.do?dir=smartEditor&savename=6b7e3993f5c64552b3360b5af8d4b82c&realname=21-5-1.jpg&fileext=jpg&filetype=image/jpeg&filesize=129414,https://search.pstatic.net/sunny/?type=b150&src=https://www.busan.go.kr/ImagePrint.do?dir=smartEditor&savename=6b7e3993f5c64552b3360b5af8d4b82c&realname=21-5-1.jpg&fileext=jpg&filetype=image/jpeg&filesize=129414,558,740
77,ê¿ˆì‚¬ë‘ì˜ì–´ë¦°ì´ì§‘,https://ldb-phinf.pstatic.net/20230417_172/16817271366686g0AS_JPEG/KakaoTalk_20230412_111658578_10.jpg,https://search.pstatic.net/common/?type=b150&src=https://ldb-phinf.pstatic.net/20230417_172/16817271366686g0AS_JPEG/KakaoTalk_20230412_111658578_10.jpg,6120,8160
78,ì¹¸íƒ€ë¹Œì–´ë¦°ì´ì§‘,https://ldb-phinf.pstatic.net/20240617_53/1718591217324N8Ds9_PNG/image06.png,https://search.pstatic.net/common/?type=b150&src=https://ldb-phinf.pstatic.net/20240617_53/1718591217324N8Ds9_PNG/image06.png,276,347
79,ì•„ì´ìˆ²ì–´ë¦°ì´ì§‘,https://ldb-phinf.pstatic.net/20240605_248/1717550499128HoYpA_JPEG/IMG_1155.JPG,https://search.pstatic.net/common/?type=b150&src=https://ldb-phinf.pstatic.net/20240605_248/1717550499128HoYpA_JPEG/IMG_1155.JPG,3948,7178
80,í–‰ë³µí•œì–´ë¦°ì´ì§‘,https://ldb-phinf.pstatic.net/20220130_16/1643512986723NqH1c_JPEG/7376E990-8F6D-4EC5-B0CA-81F171408A50.jpeg,https://search.pstatic.net/common/?type=b150&src=https://ldb-phinf.pstatic.net/20220130_16/1643512986723NqH1c_JPEG/7376E990-8F6D-4EC5-B0CA-81F171408A50.jpeg,600,800
81,í‘¸ë¥¸ê¿ˆì–´ë¦°ì´ì§‘,https://ldb-phinf.pstatic.net/20180808_238/1533706692434ILjsk_PNG/PB8eUh83kBlrC07-Alco8XWK.png,https://search.pstatic.net/common/?type=b150&src=https://ldb-phinf.pstatic.net/20180808_238/1533706692434ILjsk_PNG/PB8eUh83kBlrC07-Alco8XWK.png,225,400
82,ì´ˆì›ì‚¬ë‘ì–´ë¦°ì´ì§‘,https://ldb-phinf.pstatic.net/20241101_265/1730455032242a42k4_JPEG/1645516063975-2.jpg,https://search.pstatic.net/common/?type=b150&src=https://ldb-phinf.pstatic.net/20241101_265/1730455032242a42k4_JPEG/1645516063975-2.jpg,960,1280
83,ë™ì‚°ëª¬í…Œì†Œë¦¬ì–´ë¦°ì´ì§‘,https://ldb-phinf.pstatic.net/20230908_182/1694134217270YpO6T_JPEG/KakaoTalk_20230908_091759881_02.jpg,https://search.pstatic.net/common/?type=b150&src=https://ldb-phinf.pstatic.net/20230908_182/1694134217270YpO6T_JPEG/KakaoTalk_20230908_091759881_02.jpg,2919,3892
84,ê°•ë¶ì†”ë¡œëª¬ì–´ë¦°ì´ì§‘,https://ldb-phinf.pstatic.net/20240119_49/1705651420677iUVai_JPEG/7343a2721f2d80fa9a9cae13da78bdfc623e71d4.jpg,https://search.pstatic.net/common/?type=b150&src=https://ldb-phinf.pstatic.net/20240119_49/1705651420677iUVai_JPEG/7343a2721f2d80fa9a9cae13da78bdfc623e71d4.jpg,3024,4032
85,ì„œì°½ì–´ë¦°ì´ì§‘,https://ldb-phinf.pstatic.net/20241205_94/1733370738569lt5t5_JPEG/%BE%EE%B8%B0%C0%CC%C1%FD_%B3%BB%BA%CE_%BB%E7%C1%F8_%B8%F0%C0%BD_%283%29.jpg,https://search.pstatic.net/common/?type=b150&src=https://ldb-phinf.pstatic.net/20241205_94/1733370738569lt5t5_JPEG/%BE%EE%B8%B0%C0%CC%C1%FD_%B3%BB%BA%CE_%BB%E7%C1%F8_%B8%F0%C0%BD_%283%29.jpg,1117,1490
86,ë³µì‚¬ê³¨ë¬¸í™”ì„¼í„°ì–´ë¦°ì´ì§‘,https://ldb-phinf.pstatic.net/20240210_138/17075575906975vP1M_JPEG/1000021191.jpg,https://search.pstatic.net/common/?type=b150&src=https://ldb-phinf.pstatic.net/20240210_138/17075575906975vP1M_JPEG/1000021191.jpg,1440,1920
87,ì˜ˆí¬í‚¤ì¦ˆëœë“œì–´ë¦°ì´ì§‘,https://ldb-phinf.pstatic.net/20230120_159/1674167867726NLE8A_JPEG/1.jpg,https://search.pstatic.net/common/?type=b150&src=https://ldb-phinf.pstatic.net/20230120_159/1674167867726NLE8A_JPEG/1.jpg,2268,4032
88,ì„œì´ˆêµ¬ë¦½ ì„œë¦¬í’€ì–´ë¦°ì´ì§‘,https://ldb-phinf.pstatic.net/20230304_23/1677863907569XvIgl_JPEG/A9FD157C-4349-488D-B422-5C7BA289AF9A.jpeg,https://search.pstatic.net/common/?type=b150&src=https://ldb-phinf.pstatic.net/20230304_23/1677863907569XvIgl_JPEG/A9FD157C-4349-488D-B422-5C7BA289AF9A.jpeg,1400,1050
89,ì•„ì´í¸í•œì–´ë¦°ì´ì§‘,https://ldb-phinf.pstatic.net/20240709_78/1720498342936Vc0pw_JPEG/%B1%B3%BD%C73.jpg,https://search.pstatic.net/common/?type=b150&src=https://ldb-phinf.pstatic.net/20240709_78/1720498342936Vc0pw_JPEG/%B1%B3%BD%C73.jpg,480,640
90,í•´ë“ ë¯¸ë˜í´ì–´ë¦°ì´ì§‘,https://ldb-phinf.pstatic.net/20240927_288/1727404920428BFM99_JPEG/%BB%EA%BA%B806.jpg,https://search.pstatic.net/common/?type=b150&src=https://ldb-phinf.pstatic.net/20240927_288/1727404920428BFM99_JPEG/%BB%EA%BA%B806.jpg,2051,1489
91,3ì›” 2ì£¼ í™œë™ì‚¬ì§„ â™¥ - í’€ì´ˆë°˜ - ê³µê³µí˜• ì í”„ì•„ì´ ì–´ë¦°ì´ì§‘ 3ì›” 2ì£¼ í™œë™ì‚¬ì§„ â™¥,https://t1.daumcdn.net/cafeattach/1MTXA/6956954fd485c18da64afc2d21ab8b8e16d5dba0,https://search.pstatic.net/sunny/?type=b150&src=https://t1.daumcdn.net/cafeattach/1MTXA/6956954fd485c18da64afc2d21ab8b8e16d5dba0,4032,3024
92,âˆ´âˆµì˜ì£¼ì–´ë¦°ì´ì§‘ì— ì˜¤ì‹  ê²ƒì„ í™˜ì˜í•´ìš”!âˆ´âˆµ,http://chacon7.cafe24.com/eunju2/e/140127141.jpg,https://search.pstatic.net/sunny/?type=b150&src=http://chacon7.cafe24.com/eunju2/e/140127141.jpg,487,720
93,11ì›” 3ì£¼ ë†€ì´ì²´ìœ¡ - â””â— í•´ì†”2ë°˜ - êµ¬ë¦½êµ¬íŒŒë°œì–´ë¦°ì´ì§‘ 11ì›” 3ì£¼ ë†€ì´ì²´ìœ¡,https://t1.daumcdn.net/cafeattach/1QK7K/88ef8faba3e64dfe0ab03453c8c73a206186f3a3,https://search.pstatic.net/sunny/?type=b150&src=https://t1.daumcdn.net/cafeattach/1QK7K/88ef8faba3e64dfe0ab03453c8c73a206186f3a3,1366,1024
94,ëª¨ë“  ì–´ë¦°ì´ì§‘ 3ë…„ë§ˆë‹¤ 'ë³´ìœ¡í’ˆì§ˆ' í‰ê°€ë°›ëŠ”ë‹¤â€¦í‰ê°€ ë°©ì‹Â·í•­ëª© ì¡°ì •,http://imgnews.naver.net/image/5264/2019/06/11/0000203457_002_20190611105626843.jpg,https://search.pstatic.net/common/?type=b150&src=http://imgnews.naver.net/image/5264/2019/06/11/0000203457_002_20190611105626843.jpg,384,600
95,ë””ì¦ˆë‹ˆì˜ì•„ì „ë‹´ì–´ë¦°ì´ì§‘,https://ldb-phinf.pstatic.net/20250210_100/1739153780474B0W0t_JPEG/KakaoTalk_20250206_185119484_09.jpg,https://search.pstatic.net/common/?type=b150&src=https://ldb-phinf.pstatic.net/20250210_100/1739153780474B0W0t_JPEG/KakaoTalk_20250206_185119484_09.jpg,1058,1411
96,ì˜ˆì‚¬ë‘ì–´ë¦°ì´ì§‘,https://ldb-phinf.pstatic.net/20240321_161/1710996653594R4LXj_JPEG/nn.jpg,https://search.pstatic.net/common/?type=b150&src=https://ldb-phinf.pstatic.net/20240321_161/1710996653594R4LXj_JPEG/nn.jpg,3024,4032
97,"ìˆ˜ì„±êµ¬ êµ­ê³µë¦½ì•„ì´ìˆ²ì–´ë¦°ì´ì§‘, ì•„ë‚˜ë°”ë‹¤ ìˆ˜ìµê¸ˆ ê¸°ë¶€",http://imgnews.naver.net/image/5321/2022/10/03/0000281221_001_20221003220413317.jpeg,https://search.pstatic.net/common/?type=b150&src=http://imgnews.naver.net/image/5321/2022/10/03/0000281221_001_20221003220413317.jpeg,435,580
98,"ê³¼ì²œì‹œ, ì‹œë¦½ í•´ì†”ì–´ë¦°ì´ì§‘ ìƒˆë¡œ ì—´ì–´",http://imgnews.naver.net/image/5501/2020/05/21/0000006942_001_20200521174604388.jpg,https://search.pstatic.net/common/?type=b150&src=http://imgnews.naver.net/image/5501/2020/05/21/0000006942_001_20200521174604388.jpg,400,600
99,"ëŒ€ì „ ì¤‘êµ¬, êµ­ê³µë¦½ 'í‘¸ë¥´ì§€ì˜¤ë‹¤ë¹› ì–´ë¦°ì´ì§‘' ë¬¸ ì—´ì–´",http://imgnews.naver.net/image/5116/2022/06/30/0000807454_001_20220630104201333.jpeg,https://search.pstatic.net/common/?type=b150&src=http://imgnews.naver.net/image/5116/2022/06/30/0000807454_001_20220630104201333.jpeg,720,960
100,ì¬ì›ì–´ë¦°ì´ì§‘,https://ldb-phinf.pstatic.net/20230927_34/16958008154970uO7o_JPEG/%B8%B823%BC%BC%BF%C0%B8%A3%C7%C1%C3%BC%C7%E8%B9%C2%C1%F72_blurr.jpg,https://search.pstatic.net/common/?type=b150&src=https://ldb-phinf.pstatic.net/20230927_34/16958008154970uO7o_JPEG/%B8%B823%BC%BC%BF%C0%B8%A3%C7%C1%C3%BC%C7%E8%B9%C2%C1%F72_blurr.jpg,756,1008
